<?xml version="1.0" encoding="utf-8"?>
<description>
  <languages>
    <language type="en">
      <name>Google Play Games Services</name>
      <short>Official Google Play Games plugin for Unity</short>
      <full>The Google Play Games plugin for Unity® is an open-source project whose goal is to provide a plugin that allows game developers to integrate with the Google Play Games API from a game written in Unity®. However, this project is not in any way endorsed or supervised by Unity Technologies.  Unity® is a trademark of Unity Technologies.  iOS is a trademark of Apple, Inc.</full>
    </language>
  </languages>
</description>